Datetime,Water Level (m)
2026-08-01 12:00:00,1.1525985
2026-08-01 13:00:00,1.4020647
2026-08-01 14:00:00,1.578494
2026-08-01 15:00:00,1.655752
2026-08-01 16:00:00,1.5974113
2026-08-01 17:00:00,1.4876397
2026-08-01 18:00:00,1.4171512
2026-08-01 19:00:00,1.3684696
2026-08-01 20:00:00,1.3333994
2026-08-01 21:00:00,1.3085659
2026-08-01 22:00:00,1.2962241
2026-08-01 23:00:00,1.3404905
2026-08-02 00:00:00,1.5169775
2026-08-02 01:00:00,1.7851048
2026-08-02 02:00:00,2.012367
2026-08-02 03:00:00,2.0997841
2026-08-02 04:00:00,2.0418384
2026-08-02 05:00:00,1.9624559
2026-08-02 06:00:00,1.899243
2026-08-02 07:00:00,1.85011
2026-08-02 08:00:00,1.8121163
2026-08-02 09:00:00,1.7819793
2026-08-02 10:00:00,1.7610699
2026-08-02 11:00:00,1.7846198
2026-08-02 12:00:00,1.933685
2026-08-02 13:00:00,2.1876724
2026-08-02 14:00:00,2.4244235
2026-08-02 15:00:00,2.5203917
2026-08-02 16:00:00,2.4547882
2026-08-02 17:00:00,2.3574104
2026-08-02 18:00:00,2.275428
2026-08-02 19:00:00,2.207993
2026-08-02 20:00:00,2.1524084
2026-08-02 21:00:00,2.1051602
2026-08-02 22:00:00,2.065161
2026-08-02 23:00:00,2.036446
2026-08-03 00:00:00,2.063745
2026-08-03 01:00:00,2.2079012
2026-08-03 02:00:00,2.40183
2026-08-03 03:00:00,2.522818
2026-08-03 04:00:00,2.5236225
2026-08-03 05:00:00,2.4634516
2026-08-03 06:00:00,2.394889
2026-08-03 07:00:00,2.332628
2026-08-03 08:00:00,2.278768
2026-08-03 09:00:00,2.2314863
2026-08-03 10:00:00,2.1909676
2026-08-03 11:00:00,2.1616483
2026-08-03 12:00:00,2.192975
2026-08-03 13:00:00,2.34642
2026-08-03 14:00:00,2.5583174
2026-08-03 15:00:00,2.696247
2026-08-03 16:00:00,2.7006128
2026-08-03 17:00:00,2.6254947
2026-08-03 18:00:00,2.5438216
2026-08-03 19:00:00,2.4707537
2026-08-03 20:00:00,2.407787
2026-08-03 21:00:00,2.3527246
2026-08-03 22:00:00,2.3037004
2026-08-03 23:00:00,2.261526
2026-08-04 00:00:00,2.2392168
2026-08-04 01:00:00,2.2970996
2026-08-04 02:00:00,2.454855
2026-08-04 03:00:00,2.6168237
2026-08-04 04:00:00,2.6845033
2026-08-04 05:00:00,2.6528516
2026-08-04 06:00:00,2.5863729
2026-08-04 07:00:00,2.517302
2026-08-04 08:00:00,2.4560285
2026-08-04 09:00:00,2.4018009
2026-08-04 10:00:00,2.3531325
2026-08-04 11:00:00,2.3103034
2026-08-04 12:00:00,2.286276
2026-08-04 13:00:00,2.3397174
2026-08-04 14:00:00,2.491547
2026-08-04 15:00:00,2.6503928
2026-08-04 16:00:00,2.7177985
2026-08-04 17:00:00,2.6877942
2026-08-04 18:00:00,2.620768
2026-08-04 19:00:00,2.5499382
2026-08-04 20:00:00,2.4857476
2026-08-04 21:00:00,2.42883
2026-08-04 22:00:00,2.3779442
2026-08-04 23:00:00,2.332021
2026-08-05 00:00:00,2.2933538
2026-08-05 01:00:00,2.2838502
2026-08-05 02:00:00,2.3635054
2026-08-05 03:00:00,2.517274
2026-08-05 04:00:00,2.6482868
2026-08-05 05:00:00,2.6882808
2026-08-05 06:00:00,2.6494608
2026-08-05 07:00:00,2.586449
2026-08-05 08:00:00,2.5227814
2026-08-05 09:00:00,2.464747
2026-08-05 10:00:00,2.4125578
2026-08-05 11:00:00,2.3663666
2026-08-05 12:00:00,2.327038
2026-08-05 13:00:00,2.3089077
2026-08-05 14:00:00,2.3586955
2026-08-05 15:00:00,2.488141
2026-08-05 16:00:00,2.6113389
2026-08-05 17:00:00,2.654922
2026-08-05 18:00:00,2.626707
2026-08-05 19:00:00,2.570651
2026-08-05 20:00:00,2.5093513
2026-08-05 21:00:00,2.4522278
2026-08-05 22:00:00,2.4009128
2026-08-05 23:00:00,2.3544035
2026-08-06 00:00:00,2.3129213
2026-08-06 01:00:00,2.2810295
2026-08-06 02:00:00,2.2851639
2026-08-06 03:00:00,2.3756146
2026-08-06 04:00:00,2.5212262
2026-08-06 05:00:00,2.6387136
2026-08-06 06:00:00,2.6749687
2026-08-06 07:00:00,2.6383014
2026-08-06 08:00:00,2.5775638
2026-08-06 09:00:00,2.515482
2026-08-06 10:00:00,2.4591491
2026-08-06 11:00:00,2.4090352
2026-08-06 12:00:00,2.3644931
2026-08-06 13:00:00,2.3265085
2026-08-06 14:00:00,2.3063335
2026-08-06 15:00:00,2.3356042
2026-08-06 16:00:00,2.431646
2026-08-06 17:00:00,2.5249586
2026-08-06 18:00:00,2.5590363
2026-08-06 19:00:00,2.540508
2026-08-06 20:00:00,2.4972732
2026-08-06 21:00:00,2.4472327
2026-08-06 22:00:00,2.3988547
2026-08-06 23:00:00,2.3541644
2026-08-07 00:00:00,2.3134964
2026-08-07 01:00:00,2.2772791
2026-08-07 02:00:00,2.2495635
2026-08-07 03:00:00,2.255063
2026-08-07 04:00:00,2.3354774
2026-08-07 05:00:00,2.4698703
2026-08-07 06:00:00,2.5858812
2026-08-07 07:00:00,2.6342528
2026-08-07 08:00:00,2.6127229
2026-08-07 09:00:00,2.5606499
2026-08-07 10:00:00,2.5036
2026-08-07 11:00:00,2.4500728
2026-08-07 12:00:00,2.4021535
